TIME,PRICE,HIGH,LOW,OPEN,VOLUME
13:30:00,255.14390563964844,255.17999267578125,253.9600067138672,254.6649932861328,2556027.0
13:31:00,254.88499450683594,255.2100067138672,254.54010009765625,255.2100067138672,384445.0
13:32:00,255.61000061035156,255.6199951171875,254.8300018310547,254.89999389648438,399135.0
13:33:00,256.2449951171875,256.3500061035156,255.52000427246094,255.58999633789062,543301.0
13:34:00,256.7149963378906,256.739990234375,255.9550018310547,256.2449951171875,513956.0
13:35:00,257.17999267578125,257.3699951171875,256.70001220703125,256.7200012207031,502607.0
13:36:00,257.3902893066406,257.3999938964844,256.8399963378906,257.2049865722656,383679.0
13:37:00,257.54998779296875,257.6600036621094,257.3299865722656,257.3999938964844,363979.0
13:38:00,258.114990234375,258.1600036621094,257.3949890136719,257.5776062011719,428554.0
13:39:00,257.8800048828125,258.1199951171875,257.7200012207031,258.11260986328125,348586.0
13:40:00,257.82000732421875,258.20001220703125,257.760009765625,257.8699951171875,358091.0
13:41:00,257.7300109863281,257.8999938964844,257.489990234375,257.8442077636719,336350.0
13:42:00,257.6496887207031,257.9599914550781,257.6050109863281,257.73260498046875,260898.0
13:43:00,257.9400939941406,257.9599914550781,257.5400085449219,257.6499938964844,275767.0
13:44:00,257.8949890136719,258.1400146484375,257.7947998046875,257.95989990234375,286740.0
13:45:00,257.7950134277344,258.010009765625,257.760009765625,257.92999267578125,231842.0
13:46:00,257.9700012207031,258.0199890136719,257.6300048828125,257.7950134277344,215481.0
13:47:00,258.4299011230469,258.5400085449219,257.8599853515625,257.9888916015625,478946.0
13:48:00,258.44000244140625,258.5,258.13018798828125,258.4173889160156,294436.0
13:49:00,258.6300048828125,258.6499938964844,258.2200012207031,258.45001220703125,231738.0
13:50:00,258.45001220703125,258.6600036621094,258.29998779296875,258.6199951171875,273976.0
13:51:00,258.7101135253906,258.73260498046875,258.3999938964844,258.45001220703125,271962.0
13:52:00,258.82000732421875,258.8793029785156,258.5668029785156,258.7200012207031,300417.0
13:53:00,258.66009521484375,258.9468994140625,258.6300048828125,258.82000732421875,292778.0
13:54:00,258.9800109863281,259.0400085449219,258.6700134277344,258.6700134277344,361841.0
13:55:00,258.70001220703125,259.0,258.6000061035156,258.9750061035156,332022.0
13:56:00,258.4599914550781,258.8599853515625,258.42999267578125,258.7200012207031,237605.0
13:57:00,258.6050109863281,258.6874084472656,258.45001220703125,258.4700012207031,217293.0
13:58:00,258.3699951171875,258.82000732421875,258.29998779296875,258.6199951171875,372945.0
13:59:00,258.0516052246094,258.45001220703125,258.010009765625,258.3900146484375,179400.0
14:00:00,258.1600036621094,258.260009765625,257.7229919433594,258.0400085449219,252968.0
14:01:00,257.7900085449219,258.1300048828125,257.7699890136719,258.1300048828125,189441.0
14:02:00,257.389892578125,257.8599853515625,257.3399963378906,257.80999755859375,311339.0
14:03:00,257.86749267578125,257.9299011230469,257.3399963378906,257.3900146484375,207538.0
14:04:00,258.1000061035156,258.1299133300781,257.8500061035156,257.8500061035156,172405.0
14:05:00,258.1300048828125,258.29998779296875,258.010009765625,258.0899963378906,160454.0
14:06:00,258.4750061035156,258.489990234375,258.0050048828125,258.1199951171875,208253.0
14:07:00,258.5599060058594,258.6199951171875,258.3699951171875,258.45001220703125,139949.0
14:08:00,258.32000732421875,258.5498962402344,258.260009765625,258.5400085449219,105641.0
14:09:00,258.4700012207031,258.4999084472656,258.239990234375,258.2900085449219,91532.0
14:10:00,258.6700134277344,258.6724853515625,258.3800048828125,258.4700012207031,95881.0
14:13:00,258.7550048828125,258.7900085449219,258.69000244140625,258.7300109863281,354904.0
14:14:00,258.656494140625,258.760009765625,258.6000061035156,258.7300109863281,112837.0
14:15:00,258.4599914550781,258.7099914550781,258.4599914550781,258.6585998535156,108121.0
14:16:00,258.70001220703125,258.70001220703125,258.4267883300781,258.44000244140625,123981.0
14:17:00,258.3599853515625,258.7300109863281,258.3599853515625,258.68499755859375,125672.0
14:18:00,258.2699890136719,258.3699951171875,258.20001220703125,258.3299865722656,102749.0
14:19:00,258.3900146484375,258.4100036621094,258.2510070800781,258.2799987792969,96154.0
14:20:00,258.21759033203125,258.409912109375,258.17999267578125,258.3800048828125,79150.0
14:21:00,258.5249938964844,258.6300048828125,258.21240234375,258.21240234375,118316.0
14:22:00,258.44000244140625,258.5268859863281,258.3900146484375,258.510009765625,72154.0
14:23:00,258.110107421875,258.4599914550781,258.10400390625,258.44000244140625,125437.0
14:24:00,258.1050109863281,258.2850036621094,258.06500244140625,258.1199951171875,121813.0
14:25:00,258.2626037597656,258.306884765625,258.0299987792969,258.1120910644531,118759.0
14:26:00,258.375,258.3800048828125,258.1700134277344,258.2650146484375,48654.0
14:27:00,258.1400146484375,258.2532043457031,258.0299987792969,258.2076110839844,176078.0
14:28:00,258.2349853515625,258.3316955566406,258.010009765625,258.1499938964844,140947.0
14:29:00,257.8500061035156,258.2300109863281,257.80999755859375,258.2300109863281,115962.0
14:30:00,257.8699951171875,257.9700012207031,257.8200988769531,257.8599853515625,93511.0
14:31:00,257.9700012207031,258.085205078125,257.8500061035156,257.8634948730469,249291.0
14:32:00,257.67889404296875,258.010009765625,257.6700134277344,257.9649963378906,120355.0
14:33:00,257.7200012207031,257.7499084472656,257.5199890136719,257.6889953613281,117249.0
14:34:00,257.9750061035156,257.9750061035156,257.6600036621094,257.7200012207031,74747.0
14:35:00,258.05499267578125,258.1300048828125,257.9549865722656,257.9700012207031,96528.0
14:36:00,257.9601135253906,258.1000061035156,257.8800048828125,258.07000732421875,157934.0
14:37:00,258.151611328125,258.16949462890625,257.8800048828125,257.9800109863281,65288.0
14:38:00,258.2250061035156,258.2799987792969,258.0400085449219,258.15899658203125,83953.0
14:39:00,258.2300109863281,258.2349853515625,258.0227966308594,258.22259521484375,61642.0
14:40:00,258.4840087890625,258.5199890136719,258.20001220703125,258.2200012207031,112222.0
14:41:00,258.57501220703125,258.6000061035156,258.4700012207031,258.5,91617.0
14:42:00,258.6650085449219,258.67999267578125,258.54998779296875,258.57000732421875,121025.0
14:43:00,258.4346008300781,258.739990234375,258.42999267578125,258.6700134277344,127500.0
14:44:00,258.17010498046875,258.45001220703125,258.1700134277344,258.45001220703125,134415.0
14:45:00,258.2950134277344,258.3299865722656,258.1400146484375,258.17999267578125,56304.0
14:46:00,258.29998779296875,258.3699951171875,258.25,258.3299865722656,53402.0
14:47:00,258.2699890136719,258.3299865722656,258.2200012207031,258.32000732421875,53337.0
14:48:00,258.0799865722656,258.2685852050781,258.0799865722656,258.2685852050781,54795.0
14:49:00,258.1300048828125,258.1600036621094,257.9700012207031,258.0589904785156,89415.0
14:50:00,258.1499938964844,258.2099914550781,258.02960205078125,258.1199951171875,54653.0
14:51:00,258.20001220703125,258.3500061035156,258.0799865722656,258.1300048828125,54530.0
14:52:00,258.05499267578125,258.20880126953125,257.95458984375,258.20880126953125,66003.0
14:53:00,258.1499938964844,258.1499938964844,257.8900146484375,258.05499267578125,74741.0
14:54:00,258.3500061035156,258.3633117675781,258.1400146484375,258.1700134277344,61416.0
14:55:00,258.3949890136719,258.4269104003906,258.30999755859375,258.3599853515625,78655.0
14:56:00,258.30999755859375,258.42999267578125,258.2803039550781,258.3900146484375,56409.0
14:57:00,258.2200012207031,258.3299865722656,258.2101135253906,258.30999755859375,57732.0
14:58:00,258.29998779296875,258.32000732421875,258.1600036621094,258.22808837890625,51791.0
14:59:00,258.17498779296875,258.3550109863281,258.1499938964844,258.3009033203125,60869.0
15:00:00,258.17498779296875,258.20001220703125,258.0874938964844,258.1700134277344,54794.0
15:01:00,258.0899963378906,258.19000244140625,258.05999755859375,258.19000244140625,67910.0
15:02:00,258.0,258.1234130859375,257.989990234375,258.1000061035156,57236.0
15:03:00,258.0299987792969,258.0400085449219,257.940185546875,258.0,73060.0
15:04:00,258.06500244140625,258.1299133300781,257.94000244140625,258.010009765625,72147.0
15:05:00,258.1300048828125,258.1499938964844,257.8949890136719,258.06500244140625,74575.0
15:06:00,258.34649658203125,258.3699951171875,258.1300048828125,258.1300048828125,70819.0
15:07:00,258.30999755859375,258.3349914550781,258.2550048828125,258.3299865722656,46395.0
15:08:00,258.239990234375,258.3351135253906,258.2002868652344,258.30999755859375,58484.0
15:09:00,258.25,258.2550048828125,258.17498779296875,258.2300109863281,46064.0
15:10:00,258.239990234375,258.2900085449219,258.2149963378906,258.239990234375,39716.0
15:11:00,258.1099853515625,258.239990234375,258.1099853515625,258.239990234375,34478.0
15:12:00,258.19000244140625,258.2200012207031,258.05999755859375,258.1000061035156,57047.0
15:13:00,258.25,258.30999755859375,258.2099914550781,258.2200012207031,44282.0
15:14:00,258.389404296875,258.4100036621094,258.2300109863281,258.2300109863281,54258.0
15:15:00,258.3900146484375,258.42999267578125,258.3699951171875,258.3800048828125,41270.0
15:16:00,258.4100036621094,258.5,258.3699951171875,258.3800048828125,77403.0
15:17:00,258.5325927734375,258.5325927734375,258.3999938964844,258.4100036621094,67724.0
15:18:00,258.3800048828125,258.52740478515625,258.3699951171875,258.52740478515625,45471.0
15:19:00,258.385009765625,258.44000244140625,258.30999755859375,258.360107421875,35818.0
15:20:00,258.3299865722656,258.4200134277344,258.29998779296875,258.39801025390625,37327.0
15:21:00,258.489990234375,258.5050048828125,258.30999755859375,258.32000732421875,40105.0
15:22:00,258.46240234375,258.5400085449219,258.45001220703125,258.4700012207031,53678.0
15:23:00,258.5400085449219,258.5957946777344,258.4649963378906,258.4649963378906,57414.0
15:24:00,258.6499938964844,258.65380859375,258.4949951171875,258.5400085449219,78263.0
15:25:00,258.7300109863281,258.7300109863281,258.6000061035156,258.6400146484375,103281.0
15:26:00,258.70001220703125,258.7300109863281,258.57000732421875,258.7139892578125,120111.0
15:27:00,258.5199890136719,258.7149963378906,258.510009765625,258.7085876464844,68904.0
15:28:00,258.43499755859375,258.6000061035156,258.4200134277344,258.54998779296875,84193.0
15:29:00,258.510009765625,258.53009033203125,258.3999938964844,258.42999267578125,59392.0
15:30:00,258.55499267578125,258.56878662109375,258.42498779296875,258.4930114746094,56908.0
15:31:00,258.6400146484375,258.67999267578125,258.54998779296875,258.55999755859375,87117.0
15:32:00,258.7250061035156,258.8348083496094,258.6000061035156,258.6400146484375,118582.0
15:33:00,258.7069091796875,258.7900085449219,258.67999267578125,258.72900390625,71515.0
15:34:00,258.70001220703125,258.7950134277344,258.6199951171875,258.7099914550781,82254.0
15:35:00,258.7200012207031,258.7749938964844,258.69000244140625,258.69500732421875,81441.0
15:36:00,258.7300109863281,258.7550048828125,258.67999267578125,258.7200012207031,95673.0
15:37:00,258.59271240234375,258.7300109863281,258.54998779296875,258.7200012207031,74460.0
15:38:00,258.79998779296875,258.8599853515625,258.5899963378906,258.5899963378906,136442.0
15:39:00,258.8472900390625,259.0199890136719,258.7012023925781,258.7900085449219,305339.0
15:40:00,258.80499267578125,258.8699951171875,258.57000732421875,258.8399963378906,374664.0
15:41:00,259.1003112792969,259.1300048828125,258.80999755859375,258.80999755859375,181263.0
15:42:00,258.7799987792969,259.239990234375,258.7300109863281,259.1099853515625,305696.0
15:43:00,258.8500061035156,259.07501220703125,258.7300109863281,258.760009765625,152908.0
15:44:00,258.7699890136719,258.89990234375,258.70001220703125,258.8500061035156,76943.0
15:45:00,258.5498962402344,258.8399963378906,258.4700012207031,258.7994079589844,127507.0
15:46:00,258.6000061035156,258.7099914550781,258.4901123046875,258.510009765625,172511.0
15:47:00,258.4700012207031,258.6199951171875,258.3402099609375,258.5824890136719,82841.0
15:48:00,258.3699951171875,258.4700012207031,258.29998779296875,258.4599914550781,60958.0
15:49:00,258.4800109863281,258.5400085449219,258.3700866699219,258.385009765625,63635.0
15:50:00,258.4800109863281,258.54998779296875,258.4473876953125,258.4700012207031,52017.0
15:51:00,258.5591125488281,258.6000061035156,258.4809875488281,258.5,68997.0
15:52:00,258.3929138183594,258.54998779296875,258.3410949707031,258.54998779296875,103587.0
15:53:00,258.3699951171875,258.44000244140625,258.3349914550781,258.3999938964844,65285.0
15:54:00,258.42999267578125,258.4800109863281,258.30999755859375,258.3599853515625,91758.0
15:55:00,258.3399963378906,258.42999267578125,258.260009765625,258.42999267578125,68807.0
15:56:00,258.3999938964844,258.4606018066406,258.3399963378906,258.3514099121094,47896.0
15:57:00,258.41009521484375,258.4729919433594,258.3900146484375,258.4100036621094,46105.0
15:58:00,258.3500061035156,258.42718505859375,258.30999755859375,258.4100036621094,46403.0
15:59:00,258.4049987792969,258.4200134277344,258.29998779296875,258.3399963378906,39383.0
16:00:00,258.32501220703125,258.4800109863281,258.29998779296875,258.4130859375,70075.0
16:01:00,258.4119873046875,258.42999267578125,258.29998779296875,258.32501220703125,36175.0
16:02:00,258.3299865722656,258.45001220703125,258.32000732421875,258.4100036621094,81447.0
16:03:00,258.3389892578125,258.3583068847656,258.2699890136719,258.3299865722656,51965.0
16:04:00,258.260498046875,258.3599853515625,258.260498046875,258.3550109863281,41380.0
16:05:00,258.32000732421875,258.3399963378906,258.2571105957031,258.2571105957031,60775.0
16:06:00,258.5398864746094,258.5398864746094,258.29998779296875,258.3299865722656,68006.0
16:07:00,258.55499267578125,258.5567932128906,258.5,258.5299987792969,51081.0
16:08:00,258.4700012207031,258.6000061035156,258.4599914550781,258.57000732421875,39912.0
16:09:00,258.4849853515625,258.510009765625,258.45001220703125,258.4849853515625,30853.0
16:10:00,258.489990234375,258.5299987792969,258.4700012207031,258.5150146484375,47075.0
16:11:00,258.510009765625,258.5199890136719,258.4573974609375,258.50421142578125,40834.0
16:12:00,258.45709228515625,258.5400085449219,258.3949890136719,258.510009765625,46353.0
16:13:00,258.4200134277344,258.5,258.4200134277344,258.45001220703125,42674.0
16:14:00,258.3699951171875,258.3949890136719,258.318603515625,258.3949890136719,52640.0
16:15:00,258.6661071777344,258.70001220703125,258.3999938964844,258.4100036621094,108019.0
16:16:00,258.739990234375,258.7900085449219,258.6700134277344,258.6700134277344,41448.0
16:17:00,258.80999755859375,258.8599853515625,258.7099914550781,258.7200012207031,90772.0
16:18:00,258.7699890136719,258.8301086425781,258.75,258.80999755859375,53457.0
16:19:00,258.7430114746094,258.7970886230469,258.6600036621094,258.77239990234375,37355.0
16:20:00,258.7099914550781,258.80999755859375,258.68499755859375,258.739990234375,45338.0
16:21:00,258.7250061035156,258.7699890136719,258.6700134277344,258.7049865722656,42335.0
16:22:00,258.6499938964844,258.75,258.6000061035156,258.7373046875,38206.0
16:23:00,258.5400085449219,258.6650085449219,258.5299987792969,258.6449890136719,25569.0
16:24:00,258.4649963378906,258.5325927734375,258.4100036621094,258.5325927734375,44088.0
16:25:00,258.40008544921875,258.4601135253906,258.3550109863281,258.4599914550781,30854.0
16:26:00,258.4100036621094,258.5199890136719,258.3900146484375,258.3900146484375,61646.0
16:27:00,258.45599365234375,258.4800109863281,258.375,258.4100036621094,41498.0
16:28:00,258.53009033203125,258.5400085449219,258.4248046875,258.45001220703125,35386.0
16:29:00,258.5487060546875,258.5799865722656,258.510009765625,258.531005859375,32619.0
16:30:00,258.55999755859375,258.6400146484375,258.5299987792969,258.5400085449219,34171.0
16:31:00,258.5299987792969,258.57000732421875,258.5028991699219,258.55999755859375,52360.0
16:32:00,258.5299987792969,258.54998779296875,258.4700012207031,258.5350036621094,46668.0
16:33:00,258.5400085449219,258.54998779296875,258.50738525390625,258.5199890136719,22074.0
16:34:00,258.54998779296875,258.5799865722656,258.5249938964844,258.5400085449219,27072.0
16:35:00,258.4800109863281,258.5899963378906,258.4800109863281,258.54998779296875,33177.0
16:36:00,258.1932067871094,258.4927978515625,258.19000244140625,258.4927978515625,88857.0
16:37:00,258.3302001953125,258.3599853515625,258.19000244140625,258.2099914550781,87133.0
16:38:00,258.3703918457031,258.42498779296875,258.3399963378906,258.39959716796875,32597.0
16:39:00,258.4200134277344,258.42999267578125,258.3500061035156,258.3699951171875,43504.0
16:40:00,258.3599853515625,258.4200134277344,258.32000732421875,258.4200134277344,50012.0
16:41:00,258.4549865722656,258.4844055175781,258.3450012207031,258.3450012207031,34737.0
16:42:00,258.5299987792969,258.5299987792969,258.42999267578125,258.44000244140625,62675.0
16:43:00,258.5899963378906,258.6199951171875,258.5299987792969,258.5299987792969,51980.0
16:44:00,258.6199951171875,258.6199951171875,258.5799865722656,258.5799865722656,68121.0
16:45:00,258.6099853515625,258.6700134277344,258.5799865722656,258.635009765625,51596.0
16:46:00,258.6062927246094,258.6199951171875,258.54998779296875,258.6099853515625,43718.0
16:47:00,258.5899963378906,258.614990234375,258.57000732421875,258.60400390625,46762.0
16:48:00,258.57501220703125,258.614990234375,258.55999755859375,258.5899963378906,44420.0
16:49:00,258.6099853515625,258.6600036621094,258.5675048828125,258.57501220703125,40519.0
16:50:00,258.69500732421875,258.7300109863281,258.6000061035156,258.6000061035156,75988.0
16:51:00,258.80999755859375,258.82000732421875,258.69500732421875,258.69500732421875,67224.0
16:52:00,258.7976989746094,258.82000732421875,258.70001220703125,258.79998779296875,58795.0
16:53:00,258.7799987792969,258.80999755859375,258.7300109863281,258.7900085449219,51728.0
16:54:00,258.8887023925781,258.8999938964844,258.75,258.7886962890625,73741.0
16:55:00,258.8900146484375,258.92999267578125,258.8599853515625,258.8800048828125,52095.0
16:56:00,258.8320007324219,258.9100036621094,258.79998779296875,258.8800048828125,58378.0
16:57:00,258.8599853515625,258.8786926269531,258.7900085449219,258.84490966796875,55751.0
16:58:00,258.8599853515625,258.8800048828125,258.8125,258.8500061035156,37019.0
16:59:00,258.7950134277344,258.8699951171875,258.7799987792969,258.85101318359375,70459.0
17:00:00,258.6300048828125,258.8099060058594,258.5799865722656,258.8099060058594,95967.0
17:01:00,258.5,258.625,258.4700012207031,258.625,91101.0
17:02:00,258.57000732421875,258.6499938964844,258.5050048828125,258.5050048828125,78830.0
17:03:00,258.510009765625,258.5799865722656,258.44000244140625,258.5799865722656,70709.0
17:04:00,258.3399963378906,258.4949951171875,258.2349853515625,258.4949951171875,136759.0
17:05:00,258.1700134277344,258.3299865722656,258.1199951171875,258.3299865722656,138645.0
17:06:00,258.239990234375,258.3158874511719,258.1449890136719,258.1600036621094,71207.0
17:07:00,258.3999938964844,258.5,258.2099914550781,258.2099914550781,84931.0
17:08:00,258.31500244140625,258.42999267578125,258.29998779296875,258.4100036621094,40417.0
17:09:00,258.364990234375,258.3840026855469,258.20001220703125,258.2900085449219,78104.0
17:10:00,258.4549865722656,258.4700012207031,258.32000732421875,258.3500061035156,79259.0
17:11:00,258.53009033203125,258.54998779296875,258.4549865722656,258.4549865722656,84290.0
17:12:00,258.6199951171875,258.6400146484375,258.4800109863281,258.5400085449219,63462.0
17:13:00,258.58099365234375,258.6499938964844,258.5600891113281,258.6199951171875,30858.0
17:14:00,258.5400085449219,258.6199951171875,258.5,258.6099853515625,34349.0
17:15:00,258.44000244140625,258.5400085449219,258.42999267578125,258.5400085449219,66496.0
17:16:00,258.5299987792969,258.55828857421875,258.4100036621094,258.44781494140625,43628.0
17:17:00,258.3949890136719,258.55999755859375,258.3900146484375,258.5050048828125,33267.0
17:18:00,258.4100036621094,258.4649963378906,258.3912048339844,258.3999938964844,47111.0
17:19:00,258.3678894042969,258.43499755859375,258.3500061035156,258.4150085449219,28545.0
17:20:00,258.4222106933594,258.4700012207031,258.3299865722656,258.3599853515625,45849.0
17:21:00,258.4700012207031,258.4800109863281,258.3399963378906,258.42999267578125,40618.0
17:22:00,258.54998779296875,258.6300048828125,258.4501953125,258.4700012207031,64247.0
17:23:00,258.4801025390625,258.54998779296875,258.45001220703125,258.5400085449219,36007.0
17:24:00,258.3800048828125,258.5150146484375,258.3800048828125,258.5,32322.0
17:25:00,258.3599853515625,258.4599914550781,258.30999755859375,258.4150085449219,54777.0
17:26:00,258.3594970703125,258.3594970703125,258.239990234375,258.3450012207031,85136.0
17:27:00,258.3153991699219,258.3900146484375,258.29998779296875,258.3599853515625,28528.0
17:28:00,258.29998779296875,258.3320007324219,258.2300109863281,258.29998779296875,28575.0
17:29:00,258.30999755859375,258.3450012207031,258.2699890136719,258.29998779296875,31416.0
17:30:00,258.1700134277344,258.29998779296875,258.1099853515625,258.29998779296875,124932.0
17:31:00,258.2099914550781,258.2401123046875,258.1600036621094,258.1709899902344,48785.0
17:32:00,258.19000244140625,258.32879638671875,258.1600036621094,258.2300109863281,70783.0
17:33:00,258.1099853515625,258.2200012207031,258.0899963378906,258.19000244140625,56732.0
17:34:00,258.0150146484375,258.1400146484375,258.0144958496094,258.1099853515625,45132.0
17:35:00,258.1499938964844,258.1700134277344,258.01458740234375,258.01458740234375,47861.0
17:36:00,257.989990234375,258.17999267578125,257.9800109863281,258.1549987792969,203766.0
17:37:00,258.0,258.0398864746094,257.91009521484375,257.989990234375,49944.0
17:38:00,258.17498779296875,258.17999267578125,257.989990234375,257.989990234375,28425.0
17:39:00,258.1300048828125,258.19659423828125,258.1300048828125,258.1776123046875,34950.0
17:40:00,258.0810852050781,258.1199951171875,257.9750061035156,258.1199951171875,71941.0
17:41:00,258.0,258.1099853515625,257.989990234375,258.0851135253906,43780.0
17:42:00,257.94500732421875,258.0400085449219,257.9200134277344,258.010009765625,96772.0
17:43:00,257.9273986816406,257.9700927734375,257.8500061035156,257.95458984375,91795.0
17:44:00,257.80999755859375,257.9599914550781,257.7699890136719,257.93499755859375,84786.0
17:45:00,257.70001220703125,257.82501220703125,257.6400146484375,257.80999755859375,104414.0
17:46:00,257.55499267578125,257.7250061035156,257.5249938964844,257.70001220703125,74142.0
17:47:00,257.614990234375,257.6199951171875,257.45001220703125,257.54998779296875,90405.0
17:48:00,257.5,257.64630126953125,257.47119140625,257.6300048828125,55138.0
17:49:00,257.5950012207031,257.5950012207031,257.4645080566406,257.5199890136719,43520.0
17:50:00,257.5299987792969,257.6170959472656,257.44000244140625,257.6014099121094,49289.0
17:51:00,257.2099914550781,257.54998779296875,257.1990051269531,257.5400085449219,114991.0
17:52:00,257.30999755859375,257.3900146484375,257.1600036621094,257.19000244140625,538645.0
17:53:00,257.29998779296875,257.29998779296875,257.16558837890625,257.2950134277344,109446.0
17:54:00,257.1600036621094,257.3599853515625,257.1199951171875,257.31500244140625,85841.0
17:55:00,257.61419677734375,257.69000244140625,257.1300048828125,257.1700134277344,129208.0
17:56:00,257.510009765625,257.6199951171875,257.45001220703125,257.56500244140625,49203.0
17:57:00,257.3500061035156,257.6300048828125,257.3500061035156,257.5299987792969,87125.0
17:58:00,257.3399963378906,257.4800109863281,257.30999755859375,257.3599853515625,66620.0
17:59:00,257.43719482421875,257.4800109863281,257.32000732421875,257.3500061035156,46202.0
18:00:00,257.29180908203125,257.4898986816406,257.2900085449219,257.4360046386719,44991.0
18:01:00,257.42999267578125,257.5,257.3299865722656,257.3299865722656,71859.0
18:02:00,257.2799987792969,257.4700012207031,257.2699890136719,257.45001220703125,38733.0
18:03:00,257.2200012207031,257.2799987792969,257.18499755859375,257.2699890136719,36176.0
18:04:00,257.1600036621094,257.2200012207031,257.1000061035156,257.2200012207031,56906.0
18:05:00,257.1332092285156,257.2300109863281,257.09979248046875,257.1650085449219,53297.0
18:06:00,257.1400146484375,257.1400146484375,256.9599914550781,257.125,214227.0
18:07:00,257.260009765625,257.28619384765625,257.1400146484375,257.1400146484375,55881.0
18:08:00,257.260009765625,257.29998779296875,257.2250061035156,257.25970458984375,35202.0
18:09:00,257.20001220703125,257.3399963378906,257.1099853515625,257.260009765625,44076.0
18:10:00,257.2550048828125,257.2550048828125,257.0700988769531,257.20001220703125,60097.0
18:11:00,257.42999267578125,257.44000244140625,257.2149963378906,257.25299072265625,63113.0
18:12:00,257.3699951171875,257.489990234375,257.3699951171875,257.4200134277344,102818.0
18:13:00,257.5,257.510009765625,257.29998779296875,257.3599853515625,93840.0
18:14:00,257.5950012207031,257.6199951171875,257.4700012207031,257.510009765625,79400.0
18:15:00,257.6050109863281,257.6698913574219,257.5400085449219,257.5799865722656,80354.0
18:16:00,257.5799865722656,257.6698913574219,257.54998779296875,257.6050109863281,52734.0
18:17:00,257.6499938964844,257.67999267578125,257.57000732421875,257.5799865722656,418709.0
18:18:00,257.61248779296875,257.7090148925781,257.6099853515625,257.67999267578125,44257.0
18:19:00,257.8299865722656,258.0,257.6199951171875,257.6199951171875,75806.0
18:20:00,257.885009765625,257.94000244140625,257.82000732421875,257.8299865722656,41833.0
18:21:00,257.9549865722656,257.989990234375,257.8800048828125,257.8900146484375,75526.0
18:22:00,258.0249938964844,258.06988525390625,257.94000244140625,257.9549865722656,142718.0
18:23:00,257.95001220703125,258.07000732421875,257.92999267578125,258.0299987792969,98549.0
18:24:00,258.20001220703125,258.239501953125,257.9599914550781,257.9599914550781,89166.0
18:25:00,258.2850036621094,258.32000732421875,258.19000244140625,258.20001220703125,100430.0
18:26:00,258.44000244140625,258.44000244140625,258.2546081542969,258.2699890136719,70166.0
18:27:00,258.5,258.5199890136719,258.364990234375,258.44000244140625,190981.0
18:28:00,258.4289855957031,258.5899963378906,258.3999938964844,258.510009765625,108479.0
18:29:00,258.3699951171875,258.5,258.3699951171875,258.4200134277344,74342.0
18:30:00,258.3399963378906,258.4400939941406,258.25640869140625,258.3699951171875,74946.0
18:31:00,258.2699890136719,258.3699951171875,258.260009765625,258.3598937988281,59074.0
18:32:00,258.1650085449219,258.3399963378906,258.1400146484375,258.2799987792969,75662.0
18:33:00,258.125,258.2200012207031,258.0899963378906,258.17999267578125,75289.0
18:34:00,258.2099914550781,258.2300109863281,258.090087890625,258.1300048828125,54893.0
18:35:00,258.0797119140625,258.2749938964844,258.05999755859375,258.2099914550781,49481.0
18:36:00,258.1050109863281,258.1499938964844,258.0476989746094,258.07000732421875,35305.0
18:37:00,258.17498779296875,258.17999267578125,258.05999755859375,258.1099853515625,41092.0
18:38:00,258.2099914550781,258.2550048828125,258.17999267578125,258.17999267578125,38448.0
18:39:00,258.2550048828125,258.3006896972656,258.2099914550781,258.21160888671875,33241.0
18:40:00,258.3464050292969,258.3500061035156,258.18011474609375,258.2372131347656,54031.0
18:41:00,258.3599853515625,258.4800109863281,258.3399963378906,258.3500061035156,78884.0
18:42:00,258.45001220703125,258.4800109863281,258.3699951171875,258.3699951171875,45425.0
18:43:00,258.45001220703125,258.5199890136719,258.44000244140625,258.4696960449219,91123.0
18:44:00,258.472900390625,258.489990234375,258.38031005859375,258.45001220703125,68593.0
18:45:00,258.3949890136719,258.5,258.3900146484375,258.4800109863281,54174.0
18:46:00,258.5400085449219,258.5400085449219,258.385009765625,258.3949890136719,90816.0
18:47:00,258.42999267578125,258.5849914550781,258.42498779296875,258.5350036621094,52144.0
18:48:00,258.489990234375,258.5400085449219,258.44000244140625,258.44000244140625,59855.0
18:49:00,258.3825988769531,258.53271484375,258.3500061035156,258.489990234375,57094.0
18:50:00,258.45001220703125,258.4999084472656,258.3789978027344,258.3800048828125,54960.0
18:51:00,258.4800109863281,258.5050048828125,258.4100036621094,258.4599914550781,55879.0
18:52:00,258.42999267578125,258.510009765625,258.3890075683594,258.4800109863281,38279.0
18:53:00,258.3349914550781,258.489990234375,258.3100891113281,258.4100036621094,48642.0
18:54:00,258.45001220703125,258.4849853515625,258.3599853515625,258.3599853515625,45942.0
18:55:00,258.3734130859375,258.489990234375,258.3572082519531,258.4599914550781,39568.0
18:56:00,258.510009765625,258.5249938964844,258.3699951171875,258.3699951171875,73563.0
18:57:00,258.4800109863281,258.5199890136719,258.3800048828125,258.5199890136719,35044.0
18:58:00,258.3999938964844,258.5,258.3999938964844,258.4800109863281,41820.0
18:59:00,258.3302917480469,258.4100036621094,258.3299865722656,258.3970031738281,30817.0
19:00:00,258.375,258.4100036621094,258.32000732421875,258.3500061035156,51626.0
19:01:00,258.2300109863281,258.41259765625,258.21990966796875,258.3900146484375,42960.0
19:02:00,258.17498779296875,258.2699890136719,258.1199951171875,258.2200012207031,45989.0
19:03:00,258.2300109863281,258.2300109863281,258.1600036621094,258.1700134277344,55192.0
19:04:00,258.25,258.260009765625,258.20001220703125,258.2099914550781,39704.0
19:05:00,258.1899108886719,258.239990234375,258.1499938964844,258.2200012207031,43444.0
19:06:00,258.07000732421875,258.2099914550781,258.05999755859375,258.19000244140625,43898.0
19:07:00,258.0400085449219,258.1099853515625,258.0000915527344,258.0799865722656,91621.0
19:08:00,258.010009765625,258.056396484375,258.0,258.0400085449219,48362.0
19:09:00,258.0777893066406,258.0899963378906,258.0,258.010009765625,38178.0
19:10:00,258.1300048828125,258.19000244140625,258.0799865722656,258.0799865722656,52341.0
19:11:00,258.2099914550781,258.2200012207031,258.1000061035156,258.1300048828125,35346.0
19:12:00,258.1499938964844,258.2149963378906,258.1099853515625,258.2149963378906,85822.0
19:13:00,258.06329345703125,258.1400146484375,258.04998779296875,258.1400146484375,28923.0
19:14:00,258.0299987792969,258.0610046386719,258.010009765625,258.05999755859375,38639.0
19:15:00,258.1099853515625,258.1200866699219,258.0,258.010009765625,50129.0
19:16:00,258.07000732421875,258.16900634765625,258.07000732421875,258.1099853515625,34897.0
19:17:00,257.9714050292969,258.07501220703125,257.95001220703125,258.05999755859375,32215.0
19:18:00,258.010009765625,258.0299987792969,257.9200134277344,257.9750061035156,45156.0
19:19:00,258.06390380859375,258.07000732421875,258.0,258.04998779296875,26558.0
19:20:00,257.94000244140625,258.1000061035156,257.910888671875,258.07000732421875,45020.0
19:21:00,257.92999267578125,257.9599914550781,257.8500061035156,257.95001220703125,35069.0
19:22:00,257.9700012207031,258.0,257.9100036621094,257.9208984375,45896.0
19:23:00,257.94000244140625,257.94000244140625,257.8699951171875,257.92999267578125,51756.0
19:24:00,257.8800048828125,257.94000244140625,257.8634948730469,257.94000244140625,44674.0
19:25:00,257.94189453125,257.9599914550781,257.864990234375,257.8800048828125,51350.0
19:26:00,257.9649963378906,257.989990234375,257.8900146484375,257.94000244140625,41392.0
19:27:00,257.885009765625,258.0,257.885009765625,257.9700012207031,65108.0
19:28:00,257.8900146484375,257.94000244140625,257.8699951171875,257.8900146484375,44016.0
19:29:00,257.9200134277344,257.94000244140625,257.8900146484375,257.89849853515625,40962.0
19:30:00,257.9587097167969,257.9587097167969,257.8699951171875,257.9200134277344,70427.0
19:31:00,257.9599914550781,258.0249938964844,257.9200134277344,257.9549865722656,94423.0
19:32:00,257.96649169921875,258.010009765625,257.92999267578125,257.9599914550781,94392.0
19:33:00,258.010009765625,258.03759765625,257.95001220703125,257.9599914550781,84392.0
19:34:00,258.02508544921875,258.05010986328125,258.010009765625,258.0198059082031,57862.0
19:35:00,257.9714050292969,258.0199890136719,257.95001220703125,258.0199890136719,64954.0
19:36:00,257.92999267578125,257.99798583984375,257.8999938964844,257.9599914550781,63842.0
19:37:00,257.9635009765625,258.010009765625,257.9200134277344,257.92498779296875,46710.0
19:38:00,257.94000244140625,257.9750061035156,257.8900146484375,257.9700012207031,51385.0
19:39:00,257.9150085449219,257.9599914550781,257.8500061035156,257.94000244140625,75864.0
19:40:00,258.0199890136719,258.0299987792969,257.90771484375,257.9100036621094,72699.0
19:41:00,258.2099914550781,258.2099914550781,258.0150146484375,258.0150146484375,134427.0
19:42:00,258.17999267578125,258.260009765625,258.1400146484375,258.2099914550781,75509.0
19:43:00,258.05999755859375,258.18719482421875,258.0400085449219,258.1708984375,66705.0
19:44:00,257.989990234375,258.07000732421875,257.9700012207031,258.06500244140625,85568.0
19:45:00,258.1000061035156,258.1199951171875,257.9849853515625,257.9849853515625,54972.0
19:46:00,257.989990234375,258.20001220703125,257.9700012207031,258.1199951171875,109192.0
19:47:00,257.9700012207031,258.0101013183594,257.8999938964844,258.0,95171.0
19:48:00,258.05499267578125,258.07000732421875,257.9700012207031,257.9800109863281,79128.0
19:49:00,257.9800109863281,258.0714111328125,257.9200134277344,258.06500244140625,96965.0
19:50:00,257.7799987792969,257.95001220703125,257.7401123046875,257.95001220703125,174752.0
19:51:00,257.6791076660156,257.82501220703125,257.6300048828125,257.7799987792969,97766.0
19:52:00,257.70001220703125,257.80999755859375,257.65740966796875,257.6600036621094,127471.0
19:53:00,257.68499755859375,257.760009765625,257.6449890136719,257.70001220703125,112985.0
19:54:00,257.6825866699219,257.7149963378906,257.40350341796875,257.69000244140625,344473.0
19:55:00,257.69000244140625,257.9599914550781,257.6400146484375,257.70001220703125,618300.0
19:56:00,257.7200012207031,257.739990234375,257.6000061035156,257.69500732421875,155320.0
19:57:00,257.90350341796875,257.9150085449219,257.6600036621094,257.7113037109375,231576.0
19:58:00,257.8550109863281,257.9700012207031,257.8500061035156,257.8999938964844,346931.0
19:59:00,258.0150146484375,258.07000732421875,257.79998779296875,257.8599853515625,683893.0
